task,model_name,metric,point_estimate,ci_95_lower,ci_95_upper,bootstrap_samples
Task 2 BACTERIAL vs VIRAL,DenseNet121 fine-tuned patient-safe split,accuracy,0.8024316109422492,0.770516717325228,0.8328267477203647,2000
Task 2 BACTERIAL vs VIRAL,DenseNet121 fine-tuned patient-safe split,sensitivity,0.7368421052631579,0.6796526289244735,0.792036493472356,2000
Task 2 BACTERIAL vs VIRAL,DenseNet121 fine-tuned patient-safe split,specificity,0.8372093023255814,0.8013601864629262,0.8712660543317506,2000
Task 2 BACTERIAL vs VIRAL,DenseNet121 fine-tuned patient-safe split,precision,0.7058823529411765,0.6447341235319705,0.762301631858672,2000
Task 2 BACTERIAL vs VIRAL,DenseNet121 fine-tuned patient-safe split,recall,0.7368421052631579,0.6796526289244735,0.792036493472356,2000
Task 2 BACTERIAL vs VIRAL,DenseNet121 fine-tuned patient-safe split,f1,0.721030042918455,0.6728020632366024,0.7638649839651155,2000
Task 2 BACTERIAL vs VIRAL,DenseNet121 fine-tuned patient-safe split,roc_auc,0.8551509587923297,0.8207195749996115,0.8866685110381779,2000
